mA,V,time
116.3948135220243,5.0,34534679852.23424
497.6848915590019,5.0,34534679852.23424
226.54628156210964,5.0,34534679852.23424
310.06417032227563,5.0,34534679852.23424
493.1161404980989,5.0,34534679852.23424
112.35493206496972,5.0,34534679852.23424
255.4737372774584,5.0,34534679852.23424
446.0541241772206,5.0,34534679852.23424
444.6602184281791,5.0,34534679852.23424
335.0072745007393,5.0,34534679852.23424
